{"US": [6.999642652944527, 7.762390814313896, 6.765440014868517, 6.881336088154267, 6.437244897959163, 6.093502597170023, 6.806742043551056, 6.614452289259736, 7.830129486218674, 8.954052866954166, 10.821588671815864, 10.24276668813045, 8.87227824655283, 11.036093397103743, 16.696471471471465, 17.61814686496534, 13.44481263549085, 13.55168399472839, 13.697630505522685, 17.1044711292795, 20.7242019749684, 17.951382006943767, 15.83976033360827, 12.81243523316063, 11.808868808567603, 10.737310818760356, 8.89804772234275, 9.83956321751691, 9.569407774110747, 10.085336363422822, 11.014623106569886, 11.084963964538531, 10.520486344816366, 9.859990299718874, 8.7074415921546, 8.397086355203218, 8.339537533267734, 7.279356603974076, 6.05227909874362, 6.404693863640247, 7.343523938166016, 7.567837785520686, 7.369364959839363, 8.261761640027796, 8.218903359758396, 8.476080178828802, 7.834277434037403, 7.469339148168027, 9.63910029665101, 8.92778706703358, 11.248376775723221, 12.090174901955393, 10.144337265260589, 8.823165988960472, 7.780556310741543, 5.3936271355524354, 6.13658320570537, 6.488443336992963, 6.334249963594846, 5.495543408593482], "GER": [7.078279009618676, 8.985361673675477, 8.409936864657297, 8.608626442543788, 7.494069145111653, 7.7506525700146724, 7.324727021443547, 5.6377165887983764, 5.028622646610323, 5.404345154642737, 8.433582696942212, 11.190974482730901, 11.084933122143259, 11.890357326372293, 12.628097759941687, 14.385336263240958, 11.946631022992161, 10.78416240635144, 8.785363627900107, 9.89362006473392, 12.61605754460348, 13.960909444129975, 14.94937840561757, 12.89341474302845, 9.914126732652973, 9.257899678832446, 6.870586639145307, 6.424906108704984, 6.765785606735856, 8.038902889030863, 8.313134909590586, 10.89703259753471, 12.548644633983976, 11.382909840861423, 8.7930563985495, 7.297827079837437, 6.858060352965743, 6.881038655893956, 5.411183535014417, 4.802099730897461, 5.406935053864027, 6.725523980011426, 7.2041394888485435, 7.025888852952306, 7.207403633226586, 6.630244480846623, 6.1857597617390025, 6.915010673676136, 8.428379816372189, 9.59607234070179, 10.712143711225961, 11.008506170692053, 10.083488847829509, 8.863056635852162, 7.065127333767543, 5.789426137125476, 5.366747008445241, 5.867828184429553, 5.623835464336127, 5.128993102215842]}